1,Tokyo,Japan,"33,200,000"
2,New York Metro,USA,"17,800,000"
3,Sao Paulo,Brazil,"17,700,000"
4,Seoul,South Korea,"17,500,000"
5,Mexico City,Mexico,"17,400,000"
6,Kyoto,Japan,"16,425,000"
7,Manila,Philippines,"14,750,000"
8,Mumbai,India,"14,350,000"
9,Delhi,India,"14,300,000"
10,Jakarta,Indonesia,"14,250,000"
11,Lagos,Nigeria,"13,400,000"
12,Kolkata,India,"12,700,000"
13,Cairo,Egypt,"12,200,000"
14,Los Angeles,USA,"11,789,000"
15,Buenos Aires,Argentina,"11,200,000"
16,Rio de Janeiro,Brazil,"10,800,000"
17,Moscow,Russia,"10,500,000"
18,Shanghai,China,"10,000,000"
19,Karachi,Pakistan,"9,800,000"
20,Paris,France,"9,645,000"
21,Istanbul,Turkey,"9,000,000"
22,Nagoya,Japan,"9,000,000"
23,Beijing,China,"8,614,000"
24,Chicago,USA,"8,308,000"
25,London,UK,"8,278,000"
26,Shenzhen,China,"8,000,000"
27,Essen,Germany,"7,350,000"
28,Tehran,Iran,"7,250,000"
29,Bogota,Colombia,"7,000,000"
30,Lima,Peru,"7,000,000"
31,Bangkok,Thailand,"6,500,000"
32,Johannesburg,South Africa,"6,000,000"
33,Chennai,India,"5,950,000"
34,Taipei,Taiwan,"5,700,000"
35,Baghdad,Iraq,"5,500,000"
36,Santiago,Chile,"5,425,000"
37,Bangalore,India,"5,400,000"
38,Hyderabad,India,"5,300,000"
39,St Petersburg,Russia,"5,300,000"
40,Philadelphia,USA,"5,149,000"
41,Lahore,Pakistan,"5,100,000"
42,Kinshasa,Congo,"5,000,000"
43,Miami,USA,"4,919,000"
44,Ho Chi Minh City,Vietnam,"4,900,000"
45,Madrid,Spain,"4,900,000"
46,Tianjin,China,"4,750,000"
47,Kuala Lumpur,Malaysia,"4,400,000"
48,Toronto,Canada,"4,367,000"
49,Milan,Italy,"4,250,000"
50,Shenyang,China,"4,200,000"
51,Dallas,USA,"4,146,000"
52,Boston,USA,"4,032,000"
53,Belo Horizonte,Brazil,"4,000,000"
54,Khartoum,Sudan,"4,000,000"
55,Riyadh,Saudi Arabia,"4,000,000"
56,Singapore,Singapore,"4,000,000"
57,Washington,USA,"3,934,000"
58,Detroit,USA,"3,903,000"
59,Barcelona,Spain,"3,900,000"
60,Houston,USA,"3,823,000"
61,Athens,Greece,"3,685,000"
62,Berlin,Germany,"3,675,000"
63,Sydney,Australia,"3,502,000"
64,Atlanta,USA,"3,500,000"
65,Guadalajara,Mexico,"3,500,000"
66,San Francisco,USA,"3,229,000"
67,Montreal.,Canada,"3,216,000"
68,Monterey,Mexico,"3,200,000"
69,Melbourne,Australia,"3,162,000"
70,Ankara,Turkey,"3,100,000"
71,Recife,Brazil,"3,025,000"
72,Phoenix,USA,"2,907,000"
73,Durban,South Africa,"2,900,000"
74,Porto Alegre,Brazil,"2,800,000"
75,Dalian,China,"2,750,000"
76,Jeddah,Saudi Arabia,"2,750,000"
77,Seattle,USA,"2,712,000"
78,Cape Town,South Africa,"2,700,000"
79,San Diego,USA,"2,674,000"
80,Fortaleza,Brazil,"2,650,000"
81,Curitiba,Brazil,"2,500,000"
82,Rome,Italy,"2,500,000"
83,Naples,Italy,"2,400,000"
84,Minneapolis,USA,"2,389,000"
85,Tel Aviv,Israel,"2,300,000"
86,Birmingham,UK,"2,284,000"
87,Frankfurt,Germany,"2,260,000"
88,Lisbon,Portugal,"2,250,000"
89,Manchester,UK,"2,245,000"
90,San Juan,Puerto Rico,"2,217,000"
91,Katowice,Poland,"2,200,000"
92,Tashkent,Uzbekistan,"2,200,000"
93,Fukuoka,Japan,"2,150,000"
94,Baku,Azerbaijan,"2,100,000"
95,St. Louis,USA,"2,078,000"
96,Baltimore,USA,"2,076,000"
97,Sapporo,Japan,"2,075,000"
98,Tampa,USA,"2,062,000"
99,Taichung,Taiwan,"2,000,000"
100,Warsaw,Poland,"2,000,000"
101,Denver,USA,"1,985,000"
102,Cologne,Germany,"1,960,000"
103,Hamburg,Germany,"1,925,000"
104,Dubai,UAE,"1,900,000"
105,Pretoria,South Africa,"1,850,000"
106,Vancouver,Canada,"1,830,000"
107,Beirut,Lebanon,"1,800,000"
108,Budapest,Hungary,"1,800,000"
109,Cleveland,USA,"1,787,000"
110,Pittsburgh,USA,"1,753,000"
111,Campinas,Brazil,"1,750,000"
112,Harare,Zimbabwe,"1,750,000"
113,Brasilia,Brazil,"1,625,000"
114,Kuwait,Kuwait,"1,600,000"
115,Munich,Germany,"1,600,000"
116,Portland,USA,"1,583,000"
117,Brussels,Belgium,"1,570,000"
118,Vienna,Austria,"1,550,000"
119,San Jose,USA,"1,538,000"
120,Damman,Saudi Arabia,"1,525,000"
121,Copenhagen,Denmark,"1,525,000"
122,Brisbane,Australia,"1,508,000"
123,Riverside,USA,"1,507,000"
124,Cincinnati,USA,"1,503,000"
125,Accra,Ghana,"1,500,000"
126,Nizhni Novgorod,Russia,"1,500,000"
127,Phnom Penh,Cambodia,"1,500,000"
128,Quito,Ecuador,"1,500,000"
129,Leeds,UK,"1,499,000"
130,Goiania,Brazil,"1,475,000"
131,Donetsk,Ukraine,"1,400,000"
132,Stockholm,Sweden,"1,400,000"
133,Virginia Beach,USA,"1,394,000"
134,Sacramento,USA,"1,393,000"
135,Kansas City,USA,"1,362,000"
136,Marseille,France,"1,350,000"
137,Turin,Italy,"1,350,000"
138,Lyon,France,"1,349,000"
139,San Antonio,USA,"1,328,000"
140,Rotterdam,Netherlands,"1,325,000"
141,Las Vegas,USA,"1,314,000"
142,Milwaukee,USA,"1,309,000"
143,Stuttgart,Germany,"1,250,000"
144,Indianapolis,USA,"1,219,000"
145,Glasgow,UK,"1,200,000"
146,Lumumbashi,Congo,"1,200,000"
147,Perth,Australia,"1,177,000"
148,Providence,USA,"1,175,000"
149,Orlando,USA,"1,157,000"
150,Columbus,USA,"1,133,000"
151,Dublin,Ireland,"1,075,000"
152,Auckland,New Zealand,"1,050,000"
153,Lille,France,"1,050,000"
154,Porto,Portugal,"1,035,000"
155,New Orleans,USA,"1,009,000"
156,Adelaide,Australia,"1,002,000"
157,Helsinki,Finland,"1,000,000"
158,Buffalo,USA,"977,000"
159,Memphis,USA,"972,000"
160,Antwerp,Belgium,"915,000"
161,Austin,USA,"902,000"
162,Port Elizabeth,South Africa,"900,000"
163,Bridgeport,USA,"889,000"
164,Nice,France,"889,000"
165,Salt Lake City,USA,"888,000"
166,Jacksonville,USA,"882,000"
167,Calgary,Canada,"879,000"
168,Louisville,USA,"864,000"
169,Hartford,USA,"852,000"
170,Ottawa,Canada,"828,000"
171,Richmond,USA,"819,000"
172,Edmonton,Canada,"782,000"
173,Toulouse,France,"761,000"
174,Charlotte,USA,"759,000"
175,Bordeaux,France,"754,000"
176,Nashville,USA,"750,000"
177,Oklahoma City,USA,"747,000"
178,Tucson,USA,"720,000"
179,Honolulu,USA,"718,000"
180,Dayton,USA,"703,000"
181,Rochester,USA,"694,000"
182,El Paso,USA,"675,000"
183,Birmingham,USA,"664,000"
184,Quebec,Canada,"635,000"
185,Omaha,USA,"627,000"
186,Winnipeg,Canada,"627,000"
187,Vereeniging,South Africa,"600,000"
188,Albuquerque,USA,"598,000"
189,Aachen,Germany,"585,000"
190,Allentown,USA,"576,000"
191,Springfield,USA,"574,000"
192,Akron,USA,"570,000"
193,Albany,USA,"559,000"
194,Sarasota,USA,"559,000"
195,Tulsa,USA,"558,000"
196,Concord,USA,"553,000"
197,Abu Dhabi,UAE,"550,000"
198,Nantes,France,"545,000"
199,Raleigh,USA,"542,000"
200,Grand Rapids,USA,"539,000"
201,New Haven,USA,"531,000"
202,McAllen,USA,"523,000"
203,Toulon,France,"520,000"
204,Douai,France,"519,000"
205,Toledo,USA,"503,000"
206,Baton Rouge,USA,"479,000"
207,Colorado Springs,USA,"466,000"
208,Worcester,USA,"430,000"
209,Charleston,USA,"423,000"
210,Gold Coast,Australia,"422,000"
211,Wichita,USA,"422,000"
212,Columbia,USA,"421,000"
213,Knoxville,USA,"420,000"
214,Ogden,USA,"418,000"
215,Youngstown,USA,"417,000"
216,Syracuse,USA,"402,000"
217,Palm Bay,USA,"393,000"
218,Scranton,USA,"385,000"
219,Flint,USA,"365,000"
220,Harrisburg,USA,"363,000"
221,Little Rock,USA,"360,000"
222,Valenciennes,France,"357,000"
223,Poughkeepsie,USA,"352,000"
224,Chattanooga,USA,"344,000"
225,Augusta,USA,"336,000"
226,Spokane,USA,"335,000"
227,Cape Coral,USA,"330,000"
228,Lancaster,USA,"324,000"
229,Pensacola,USA,"324,000"
230,Mobile,USA,"318,000"
231,Greenville,USA,"302,000"
232,St Catharines,Canada,"300,000"
233,Aguadilla,Puerto Rico,"299,000"
234,Winston,USA,"299,000"
235,Tours,France,"298,000"
236,Jackson,USA,"293,000"
237,Durham,USA,"288,000"
238,Fayetteville,USA,"276,000"
239,South Bend,USA,"276,000"
240,Shreveport,USA,"275,000"
241,Port St Lucie,USA,"271,000"
242,Canton,USA,"267,000"
243,Bethune,France,"259,000"
244,Avignon,France,"254,000"
245,Barnstable Town,USA,"244,000"
246,Asheville,USA,"222,000"
247,Bonita Springs,USA,"221,000"
248,Huntsville,USA,"213,000"
249,Hickory,USA,"188,000"
250,Pau,France,"181,000"
